boundary_id,type,start_x,start_y,end_x,end_y
0,LINE,99.936612935006,24.398236491865767,99.936612935006,0.2500000000000378
1,LINE,99.936612935006,0.2500000000000378,0.0,0.2500000000000378
2,LINE,0.0,0.2500000000000378,0.0,24.398236491865767
3,LINE,0.0,24.398236491865767,99.936612935006,24.398236491865767
